"epidermal","mesophyll group 1","mesophyll group 2","mesophyll group 3","bundle sheath","vascular","companion","sieve","myrosinase"
"AT1G69935",-3,0,3,-3,0,0,0,0,0
"AT1G71170",3,0,-3,0,0,0,0,0,0
"AT2G02360",-3,3,0,0,0,0,0,0,0
"AT2G20760",-3,0,0,-3,0,0,0,0,0
"AT2G39770",-3,0,0,0,0,0,0,0,0
"AT2G41475",-3,0,3,0,0,0,0,0,0
"AT2G44200",-3,0,0,0,0,0,0,0,0
"AT3G07190",3,0,-3,-3,0,0,0,0,0
"AT3G15260",-3,0,0,0,0,0,0,0,0
"AT3G19770",-3,0,-3,0,0,0,0,0,0
"AT3G46510",-3,3,0,0,0,0,0,0,0
"AT4G18060",-3,0,0,0,0,0,0,0,0
"AT4G29810",3,-3,0,0,0,0,0,0,0
"AT4G38260",-3,3,0,0,0,0,0,0,0
"AT5G11960",-3,-3,0,0,0,0,0,0,0
"AT5G20190",-3,0,0,0,0,0,0,0,0
"AT5G25270",3,-3,3,0,-3,0,0,0,0
"AT5G39510",-3,0,0,0,-3,0,0,0,0
"AT5G42300",-3,0,0,0,0,0,3,0,0
"AT5G47810",-3,0,0,0,0,0,0,0,0
"AT1G02410",0,-3,0,0,0,0,0,0,0
"AT1G03400",0,-3,0,0,0,0,0,0,0
"AT1G03950",0,3,0,0,-3,0,0,0,0
"AT1G04440",0,-3,-3,0,0,0,0,0,0
"AT1G04960",0,3,0,0,-3,0,0,0,0
"AT1G07310",0,-3,-3,0,0,0,0,0,0
"AT1G07670",0,3,0,0,0,0,0,0,0
"AT1G08510",0,3,-3,0,0,0,0,0,0
"AT1G49300",0,3,0,0,0,0,-3,0,0
"AT1G50290",0,-3,0,0,0,0,0,0,0
"AT1G52870",0,-3,0,0,0,0,0,0,0
"AT1G55730",0,3,0,0,-3,0,0,0,0
"AT1G58030",0,-3,0,0,0,0,0,0,0
"AT1G63800",0,-3,3,0,0,0,0,0,0
"AT1G64230",0,-3,-3,0,0,0,0,0,0
"AT1G65720",0,3,0,0,-3,0,0,0,0
"AT1G68910",0,3,0,0,-3,0,0,0,0
"AT1G69450",0,3,0,0,-3,0,0,0,0
"AT1G73660",0,-3,0,0,3,0,0,0,0
"AT1G73680",0,-3,0,0,0,0,0,0,0
"AT2G02180",0,-3,0,0,0,0,0,0,0
"AT2G02390",0,3,0,0,-3,0,0,0,0
"AT2G14910",0,3,-3,0,-3,0,0,0,0
"AT2G15570",0,-3,0,0,0,0,0,0,0
"AT2G16740",0,3,0,0,0,0,3,0,0
"AT2G17570",0,3,-3,0,0,0,0,0,0
"AT2G20725",0,3,0,-3,0,0,0,0,0
"AT2G23430",0,-3,0,0,0,0,0,0,0
"AT2G26800",0,3,0,0,0,0,0,0,0
"AT2G27450",0,3,0,0,0,0,-3,0,0
"AT2G28910",0,-3,3,0,0,0,0,0,0
"AT2G29990",0,-3,0,0,0,0,0,0,0
"AT2G30960",0,-3,0,0,0,0,0,0,0
"AT2G31350",0,-3,0,0,0,0,0,0,0
"AT2G34070",0,-3,0,0,0,0,0,0,0
"AT2G35050",0,3,0,0,-3,0,0,0,0
"AT2G36895",0,-3,0,0,0,0,0,0,0
"AT2G38740",0,-3,0,0,0,0,0,0,0
"AT2G39550",0,-3,0,0,0,0,0,0,0
"AT2G40810",0,-3,0,0,0,0,0,0,0
"AT2G44490",0,-3,0,0,0,0,0,0,0
"AT2G45980",0,3,-3,0,0,0,0,0,0
"AT3G01050",0,3,-3,0,0,0,-3,0,0
"AT3G02050",0,3,0,3,-3,0,0,0,0
"AT3G04090",0,-3,0,0,0,0,0,0,0
"AT3G07560",0,-3,-3,0,0,0,0,0,0
"AT3G08690",0,3,0,0,0,0,0,0,0
"AT3G11030",0,-3,0,0,0,0,0,0,0
"AT3G11780",0,-3,-3,0,0,0,0,0,0
"AT3G12570",0,-3,0,0,0,0,0,0,0
"AT3G14205",0,-3,0,0,0,0,0,0,0
"AT3G15290",0,3,-3,0,0,0,0,0,0
"AT3G16785",0,3,3,0,-3,0,0,0,0
"AT3G16800",0,-3,0,0,0,0,0,0,0
"AT3G17020",0,-3,0,0,0,0,0,0,0
"AT3G17410",0,-3,0,0,0,0,0,0,0
"AT3G17650",0,3,0,0,-3,0,0,0,0
"AT3G17800",0,3,0,0,-3,0,0,0,0
"AT3G17850",0,-3,-3,0,0,0,0,0,0
"AT3G20770",0,-3,-3,0,0,0,0,0,0
"AT3G26020",0,3,0,0,3,0,0,0,0
"AT3G27460",0,-3,0,0,0,0,0,0,0
"AT3G47000",0,-3,-3,0,0,0,0,0,0
"AT3G47640",0,-3,0,0,0,0,0,0,0
"AT3G48780",0,3,-3,0,0,0,0,0,0
"AT3G48860",0,3,-3,0,0,0,0,0,0
"AT3G50000",0,-3,-3,0,-3,0,0,0,0
"AT3G51660",0,3,0,0,-3,0,0,0,0
"AT3G53610",0,3,0,0,0,0,0,0,0
"AT3G55830",0,3,-3,0,-3,0,0,0,0
"AT3G56050",0,-3,0,0,0,0,0,0,0
"AT3G56190",0,3,3,0,-3,0,0,0,0
"AT3G61070",0,-3,-3,0,0,0,0,0,0
"AT3G61160",0,-3,0,0,0,0,0,0,0
"AT3G63080",0,-3,-3,0,0,0,0,0,0
"AT4G02020",0,-3,0,0,0,0,0,0,0
"AT4G11330",0,-3,0,0,0,0,0,0,0
"AT4G12120",0,3,0,0,0,0,0,0,0
"AT4G13010",0,3,0,0,0,0,0,0,0
"AT4G14716",0,-3,0,0,0,0,-3,0,0
"AT4G17170",0,3,-3,0,0,0,0,0,0
"AT4G17486",0,3,-3,0,0,0,0,0,0
"AT4G18930",0,3,0,0,-3,0,0,0,0
"AT4G20880",0,-3,0,0,0,0,0,0,0
"AT4G24450",0,3,0,0,0,0,-3,0,0
"AT4G25680",0,-3,0,0,-3,0,0,0,0
"AT4G25970",0,3,-3,0,-3,0,0,0,0
"AT4G27020",0,-3,3,0,0,0,0,0,0
"AT4G27320",0,3,3,0,-3,0,0,0,0
"AT4G28390",0,-3,0,0,0,0,0,0,0
"AT4G31170",0,-3,0,0,0,0,0,0,0
"AT4G34040",0,3,0,0,0,0,0,0,0
"AT4G36760",0,3,-3,0,-3,0,0,0,0
"AT4G36800",0,3,0,0,0,0,0,0,0
"AT4G37560",0,3,0,0,-3,0,0,0,0
"AT4G39140",0,3,-3,0,3,0,0,0,0
"AT5G01030",0,-3,0,0,0,0,0,0,0
"AT5G04750",0,3,-3,0,0,0,3,0,0
"AT5G05110",0,3,-3,0,0,0,0,0,0
"AT5G05480",0,-3,3,0,0,0,0,0,0
"AT5G07470",0,3,0,0,0,0,0,0,0
"AT5G13720",0,-3,0,0,0,0,0,0,0
"AT5G13810",0,3,-3,0,0,0,0,0,0
"AT5G19010",0,-3,-3,0,0,0,0,0,0
"AT5G19140",0,-3,0,0,0,0,0,0,0
"AT5G20910",0,-3,3,0,0,0,0,0,0
"AT5G21020",0,-3,0,0,0,0,0,0,0
"AT5G22000",0,-3,0,0,0,0,0,0,0
"AT5G25265",0,-3,3,0,0,0,0,0,0
"AT5G27380",0,3,0,0,0,0,0,0,0
"AT5G36940",0,3,0,0,-3,0,0,0,0
"AT5G39570",0,3,-3,0,-3,0,0,0,0
"AT5G40670",0,3,0,0,-3,0,0,0,0
"AT5G43930",0,-3,-3,0,0,0,0,0,0
"AT5G49630",0,-3,0,0,0,0,0,0,0
"AT5G51070",0,-3,0,0,0,0,0,0,0
"AT5G52900",0,-3,0,0,0,0,0,0,0
"AT5G55860",0,3,-3,0,0,0,0,0,0
"AT5G56140",0,3,-3,0,0,0,0,0,0
"AT5G59030",0,3,0,0,0,0,0,0,0
"AT5G59420",0,-3,-3,0,0,0,0,0,0
"AT5G63800",0,3,0,0,-3,0,0,0,0
"AT5G65910",0,-3,-3,0,0,0,0,0,0
"AT5G66850",0,3,0,0,0,0,0,0,0
"AT1G01950",0,0,-3,0,0,0,0,0,0
"AT1G02170",0,0,3,0,0,0,0,0,0
"AT1G02270",0,0,-3,0,3,0,0,0,0
"AT1G03370",0,0,3,0,0,0,0,0,0
"AT1G03870",0,0,-3,0,0,0,0,0,0
"AT1G04230",0,0,-3,0,0,0,0,0,0
"AT1G05020",0,0,-3,0,0,0,0,0,0
"AT1G05340",0,0,-3,0,0,0,0,0,0
"AT1G06410",0,0,3,0,0,0,0,0,0
"AT1G07020",0,0,-3,0,0,0,0,0,0
"AT1G07240",0,0,-3,0,0,0,0,0,0
"AT1G07510",0,0,-3,0,0,0,0,0,0
"AT1G08315",0,0,3,0,0,0,0,0,0
"AT1G08720",0,0,3,0,0,0,0,0,0
"AT1G09060",0,0,-3,0,0,0,0,0,0
"AT1G09390",0,0,3,0,0,0,0,0,0
"AT1G49050",0,0,3,0,0,0,0,0,0
"AT1G49660",0,0,3,0,0,0,0,0,0
"AT1G52720",0,0,-3,0,0,0,0,0,0
"AT1G53570",0,0,-3,0,0,0,0,0,0
"AT1G55450",0,0,-3,0,0,0,0,0,0
"AT1G58180",0,0,-3,0,0,0,0,0,0
"AT1G59580",0,0,-3,0,0,0,0,0,0
"AT1G59710",0,0,-3,0,0,0,0,0,0
"AT1G59900",0,0,3,3,-3,0,0,0,0
"AT1G61460",0,0,3,0,0,0,0,0,0
"AT1G63090",0,0,-3,0,0,0,0,0,0
"AT1G63740",0,0,-3,0,0,0,0,0,0
"AT1G63860",0,0,-3,0,0,0,0,0,0
"AT1G64810",0,0,-3,0,0,0,0,0,0
"AT1G64980",0,0,-3,0,0,0,0,0,0
"AT1G67530",0,0,3,0,0,0,0,0,0
"AT1G69520",0,0,-3,0,0,0,0,0,0
"AT1G69790",0,0,-3,0,0,0,0,0,0
"AT1G70590",0,0,-3,0,0,0,0,0,0
"AT1G70980",0,0,-3,0,0,0,0,0,0
"AT1G72740",0,0,-3,0,0,0,0,0,0
"AT1G73030",0,0,-3,0,0,0,0,0,0
"AT1G73380",0,0,-3,0,0,0,0,0,0
"AT1G74920",0,0,-3,0,0,0,0,0,0
"AT1G75000",0,0,3,0,0,0,0,0,0
"AT1G75220",0,0,3,0,0,0,0,0,0
"AT1G75440",0,0,-3,0,0,0,0,0,0
"AT1G76040",0,0,3,0,0,0,0,0,0
"AT1G76180",0,0,-3,0,0,0,-3,0,0
"AT1G76670",0,0,3,0,0,0,0,0,0
"AT1G76970",0,0,-3,0,0,0,0,0,0
"AT1G78280",0,0,3,0,0,0,0,0,0
"AT1G78700",0,0,-3,0,0,0,0,0,0
"AT1G79245",0,0,3,0,0,0,0,0,0
"AT1G79340",0,0,-3,0,0,0,0,0,0
"AT1G79380",0,0,3,0,0,0,0,0,0
"AT1G80420",0,0,-3,0,0,0,0,0,0
"AT1G80440",0,0,-3,0,0,0,0,0,0
"AT2G04305",0,0,3,0,0,0,0,0,0
"AT2G11520",0,0,-3,0,0,0,0,0,0
"AT2G17520",0,0,3,0,0,0,0,0,0
"AT2G17840",0,0,-3,0,0,0,0,0,0
"AT2G18090",0,0,3,0,0,0,0,0,0
"AT2G18730",0,0,3,0,0,0,0,0,0
"AT2G18860",0,0,3,0,0,0,0,0,0
"AT2G20770",0,0,3,0,0,0,0,0,0
"AT2G20960",0,0,-3,0,0,0,0,0,0
"AT2G22300",0,0,3,0,0,0,0,0,0
"AT2G22790",0,0,3,0,0,0,0,0,0
"AT2G22910",0,0,-3,3,0,0,0,0,0
"AT2G23120",0,0,-3,0,0,0,0,0,0
"AT2G23450",0,0,-3,0,0,0,0,0,0
"AT2G26300",0,0,-3,0,0,0,0,0,0
"AT2G26600",0,0,-3,0,3,0,3,0,0
"AT2G27830",0,0,3,0,0,0,0,0,0
"AT2G30250",0,0,-3,0,0,0,0,0,0
"AT2G30440",0,0,-3,0,0,0,0,0,0
"AT2G30720",0,0,-3,0,0,0,0,0,0
"AT2G31680",0,0,-3,0,0,0,0,0,0
"AT2G31800",0,0,3,0,0,0,0,0,0
"AT2G31870",0,0,3,0,0,0,0,0,0
"AT2G33110",0,0,3,0,0,0,0,0,0
"AT2G33120",0,0,-3,0,0,0,0,0,0
"AT2G33590",0,0,3,0,0,0,0,0,0
"AT2G33630",0,0,-3,0,0,0,0,0,0
"AT2G35230",0,0,-3,0,0,0,0,0,0
"AT2G35880",0,0,-3,0,0,0,0,0,0
"AT2G36220",0,0,-3,0,0,0,0,0,0
"AT2G36680",0,0,-3,0,-3,0,0,0,0
"AT2G37110",0,0,-3,0,0,0,0,0,0
"AT2G37550",0,0,-3,0,0,0,0,0,0
"AT2G37940",0,0,-3,0,0,0,0,0,0
"AT2G38500",0,0,-3,0,0,0,0,0,0
"AT2G39570",0,0,3,0,0,0,0,0,0
"AT2G39840",0,0,-3,0,0,0,0,0,0
"AT2G40000",0,0,-3,0,0,0,0,0,0
"AT2G40280",0,0,-3,0,3,0,0,0,0
"AT2G42010",0,0,3,0,0,0,0,0,0
"AT2G42890",0,0,-3,0,0,0,0,0,0
"AT2G43430",0,0,3,0,0,0,0,0,0
"AT2G43850",0,0,-3,0,-3,0,0,0,0
"AT2G44060",0,0,3,3,0,0,0,0,0
"AT2G46500",0,0,-3,0,0,0,0,0,0
"AT2G47070",0,0,-3,0,0,0,0,0,0
"AT3G01520",0,0,-3,0,0,0,0,0,0
"AT3G01640",0,0,-3,0,0,0,0,0,0
"AT3G02460",0,0,3,0,0,0,0,0,0
"AT3G05580",0,0,3,0,0,0,0,0,0
"AT3G05670",0,0,-3,0,0,0,0,0,0
"AT3G06760",0,0,-3,0,0,0,0,0,0
"AT3G06780",0,0,-3,0,0,0,0,0,0
"AT3G07370",0,0,-3,0,0,0,0,0,0
"AT3G07880",0,0,-3,0,0,0,0,0,0
"AT3G07890",0,0,3,0,0,0,0,0,0
"AT3G08710",0,0,3,0,0,0,0,0,0
"AT3G10330",0,0,-3,0,0,0,0,0,0
"AT3G10660",0,0,-3,0,0,0,0,0,0
"AT3G11440",0,0,3,0,0,0,0,0,0
"AT3G11820",0,0,-3,0,0,0,0,0,0
"AT3G12360",0,0,-3,0,0,0,0,0,0
"AT3G12520",0,0,-3,0,0,0,0,0,0
"AT3G13050",0,0,-3,0,0,0,0,0,0
"AT3G13080",0,0,-3,0,0,0,0,0,0
"AT3G14050",0,0,-3,0,0,0,0,0,0
"AT3G14070",0,0,3,0,0,0,0,0,0
"AT3G14590",0,0,-3,0,0,0,0,0,0
"AT3G15730",0,0,-3,0,-3,0,0,0,0
"AT3G15760",0,0,-3,0,0,0,0,0,0
"AT3G15770",0,0,3,0,0,0,0,0,0
"AT3G15820",0,0,3,0,0,0,0,0,0
"AT3G17310",0,0,-3,0,0,0,0,0,0
"AT3G17700",0,0,-3,0,0,0,0,0,0
"AT3G17710",0,0,3,0,0,0,0,0,0
"AT3G17770",0,0,3,0,0,0,0,0,0
"AT3G18295",0,0,-3,0,0,0,0,0,0
"AT3G18300",0,0,-3,0,0,0,0,0,0
"AT3G19010",0,0,-3,0,0,0,0,0,0
"AT3G19240",0,0,-3,0,0,0,0,0,0
"AT3G19580",0,0,-3,0,0,0,0,0,0
"AT3G21070",0,0,3,0,0,0,0,0,0
"AT3G21330",0,0,-3,0,0,0,0,0,0
"AT3G21630",0,0,-3,0,0,0,0,0,0
"AT3G23200",0,0,-3,0,0,0,0,0,0
"AT3G26420",0,0,-3,0,0,0,0,0,0
"AT3G27560",0,0,3,0,0,0,0,0,0
"AT3G28030",0,0,-3,0,0,0,0,0,0
"AT3G44400",0,0,3,0,0,0,0,0,0
"AT3G44480",0,0,3,0,0,0,0,0,0
"AT3G44630",0,0,3,0,0,0,0,0,0
"AT3G44670",0,0,-3,0,0,0,0,0,0
"AT3G45040",0,0,3,0,0,0,0,0,0
"AT3G46385",0,0,3,0,0,0,0,0,0
"AT3G47090",0,0,-3,0,0,0,0,0,0
"AT3G47960",0,0,-3,0,0,0,0,0,0
"AT3G48760",0,0,-3,0,0,0,0,0,0
"AT3G49350",0,0,3,0,0,0,0,0,0
"AT3G49930",0,0,-3,0,0,0,0,0,0
"AT3G50360",0,0,-3,0,0,0,-3,0,0
"AT3G50830",0,0,-3,0,0,0,0,0,0
"AT3G51960",0,0,-3,0,0,0,0,0,0
"AT3G54020",0,0,3,0,0,0,0,0,0
"AT3G54030",0,0,3,0,0,0,0,0,0
"AT3G54100",0,0,3,0,0,0,0,0,0
"AT3G54200",0,0,-3,0,0,0,0,0,0
"AT3G54620",0,0,3,0,0,0,0,0,0
"AT3G55050",0,0,3,0,0,0,0,0,0
"AT3G56800",0,0,-3,0,0,0,0,0,0
"AT3G57280",0,0,-3,0,0,0,0,0,0
"AT3G57530",0,0,-3,0,0,0,0,0,0
"AT3G57640",0,0,-3,0,0,0,0,0,0
"AT3G57730",0,0,-3,0,0,0,0,0,0
"AT3G58490",0,0,3,0,0,0,0,0,0
"AT3G58600",0,0,-3,0,0,0,0,0,0
"AT3G58730",0,0,-3,0,0,0,0,0,0
"AT3G58760",0,0,-3,0,0,0,0,0,0
"AT3G59060",0,0,3,0,0,0,0,0,0
"AT3G60290",0,0,-3,0,0,0,0,0,0
"AT3G60940",0,0,-3,0,0,0,0,0,0
"AT3G61800",0,0,-3,0,0,0,0,0,0
"AT3G62220",0,0,-3,0,0,0,0,0,0
"AT3G62370",0,0,-3,0,0,0,0,0,0
"AT3G63500",0,0,-3,0,0,0,0,0,0
"AT4G00570",0,0,-3,0,0,0,0,0,0
"AT4G00720",0,0,-3,0,0,0,0,0,0
"AT4G01010",0,0,-3,0,0,0,0,0,0
"AT4G01540",0,0,-3,0,0,0,0,0,0
"AT4G02195",0,0,3,0,0,0,0,0,0
"AT4G02340",0,0,-3,0,0,0,0,0,0
"AT4G04860",0,0,3,0,0,0,0,0,0
"AT4G05150",0,0,-3,0,0,0,0,0,0
"AT4G10730",0,0,-3,0,0,0,0,0,0
"AT4G10970",0,0,-3,0,0,0,0,0,0
"AT4G12040",0,0,-3,0,0,0,0,0,0
"AT4G12070",0,0,-3,0,0,0,0,0,0
"AT4G13350",0,0,-3,0,0,0,0,0,0
"AT4G14030",0,0,-3,0,0,0,0,0,0
"AT4G15260",0,0,-3,0,0,0,0,0,0
"AT4G15760",0,0,-3,0,0,0,0,0,0
"AT4G16940",0,0,3,0,0,0,0,0,0
"AT4G16960",0,0,3,0,0,0,0,0,0
"AT4G16990",0,0,-3,0,0,0,0,0,0
"AT4G17615",0,0,3,0,0,0,0,0,0
"AT4G18070",0,0,3,0,0,0,0,0,0
"AT4G18340",0,0,3,0,0,0,0,0,0
"AT4G19200",0,0,-3,0,0,0,0,0,0
"AT4G19520",0,0,-3,0,0,0,0,0,0
"AT4G19640",0,0,-3,0,0,0,0,0,0
"AT4G20830",0,0,-3,0,0,0,0,0,0
"AT4G20930",0,0,-3,0,0,0,0,0,0
"AT4G21560",0,0,3,0,0,0,0,0,0
"AT4G21570",0,0,-3,0,0,0,0,0,0
"AT4G21700",0,0,-3,0,0,0,0,0,0
"AT4G22820",0,0,-3,0,0,0,0,0,0
"AT4G23650",0,0,-3,0,0,0,0,0,0
"AT4G23850",0,0,-3,0,0,0,0,0,0
"AT4G25360",0,0,-3,0,-3,0,0,0,0
"AT4G25390",0,0,-3,0,0,0,0,0,0
"AT4G25690",0,0,-3,0,0,0,0,0,0
"AT4G26490",0,0,3,0,0,0,0,0,0
"AT4G27500",0,0,-3,0,0,0,0,0,0
"AT4G29160",0,0,-3,0,0,0,0,0,0
"AT4G29670",0,0,-3,3,-3,0,0,0,0
"AT4G29950",0,0,3,0,0,0,0,0,0
"AT4G30060",0,0,-3,0,0,0,0,0,0
"AT4G30210",0,0,3,0,0,0,0,0,0
"AT4G30260",0,0,3,0,0,0,0,0,0
"AT4G30550",0,0,-3,0,0,0,0,0,0
"AT4G30600",0,0,-3,0,0,0,0,0,0
"AT4G30910",0,0,3,0,0,0,0,0,0
"AT4G31550",0,0,3,0,0,0,0,0,0
"AT4G32040",0,0,-3,0,0,0,0,0,0
"AT4G32060",0,0,3,0,0,0,0,0,0
"AT4G32150",0,0,-3,0,0,0,-3,0,0
"AT4G32300",0,0,3,0,0,0,0,0,0
"AT4G33430",0,0,-3,0,0,0,0,0,0
"AT4G33910",0,0,-3,0,0,0,0,0,0
"AT4G34460",0,0,-3,0,0,0,0,0,0
"AT4G34480",0,0,-3,0,0,0,0,0,0
"AT4G35780",0,0,3,0,0,0,0,0,0
"AT4G35985",0,0,3,0,0,0,0,0,0
"AT4G36000",0,0,-3,0,0,0,0,0,0
"AT4G39350",0,0,-3,0,0,0,0,0,0
"AT4G39400",0,0,3,0,0,0,0,0,0
"AT4G39403",0,0,-3,0,0,0,0,0,0
"AT4G39770",0,0,3,0,0,0,0,0,0
"AT5G01390",0,0,3,0,0,0,0,0,0
"AT5G01620",0,0,3,0,0,0,0,0,0
"AT5G01950",0,0,-3,0,0,0,0,0,0
"AT5G03050",0,0,-3,0,0,0,0,0,0
"AT5G04230",0,0,3,0,0,0,0,0,0
"AT5G05190",0,0,-3,0,0,0,0,0,0
"AT5G05380",0,0,-3,0,0,0,0,0,0
"AT5G06780",0,0,3,0,0,0,0,0,0
"AT5G06860",0,0,-3,0,0,0,0,0,0
"AT5G08660",0,0,3,0,0,0,0,0,0
"AT5G11680",0,0,-3,0,0,0,0,0,0
"AT5G15845",0,0,3,0,0,0,0,0,0
"AT5G15870",0,0,-3,0,0,0,0,0,0
"AT5G15930",0,0,3,0,0,0,0,0,0
"AT5G16370",0,0,-3,0,0,0,0,0,0
"AT5G16730",0,0,-3,0,0,0,0,0,0
"AT5G17060",0,0,-3,0,0,0,0,0,0
"AT5G18360",0,0,-3,0,0,0,0,0,0
"AT5G21482",0,0,-3,0,0,0,0,0,0
"AT5G22450",0,0,3,0,0,0,0,0,0
"AT5G22690",0,0,-3,0,0,0,0,0,0
"AT5G23870",0,0,-3,0,0,0,0,0,0
"AT5G24430",0,0,3,0,0,0,0,0,0
"AT5G25280",0,0,-3,0,0,0,-3,0,0
"AT5G25440",0,0,-3,0,0,0,0,0,0
"AT5G27930",0,0,3,0,0,0,0,0,0
"AT5G38210",0,0,3,0,0,0,0,0,0
"AT5G38280",0,0,3,0,0,0,0,0,0
"AT5G39590",0,0,3,0,0,0,0,0,0
"AT5G39785",0,0,-3,0,0,0,0,0,0
"AT5G40910",0,0,3,0,0,0,0,0,0
"AT5G44070",0,0,3,0,0,0,0,0,0
"AT5G44820",0,0,-3,0,0,0,0,0,0
"AT5G45130",0,0,-3,0,0,0,0,0,0
"AT5G45250",0,0,-3,0,0,0,0,0,0
"AT5G45280",0,0,3,0,0,0,0,0,0
"AT5G45840",0,0,3,0,0,0,0,0,0
"AT5G46330",0,0,-3,0,0,0,0,0,0
"AT5G46470",0,0,3,0,0,0,0,0,0
"AT5G46520",0,0,-3,0,0,0,0,0,0
"AT5G47910",0,0,-3,0,0,0,0,0,0
"AT5G48385",0,0,3,0,0,0,0,0,0
"AT5G49015",0,0,-3,0,0,0,0,0,0
"AT5G50430",0,0,-3,0,0,0,0,0,0
"AT5G50440",0,0,-3,0,0,0,0,0,0
"AT5G50530",0,0,-3,0,0,0,0,0,0
"AT5G50900",0,0,3,0,0,0,0,0,0
"AT5G52200",0,0,-3,0,0,0,0,0,0
"AT5G52580",0,0,-3,0,0,0,0,0,0
"AT5G53310",0,0,-3,0,0,0,0,0,0
"AT5G53370",0,0,-3,0,0,0,0,0,0
"AT5G54730",0,0,3,0,0,0,0,0,0
"AT5G55850",0,0,-3,0,0,0,0,0,0
"AT5G57035",0,0,-3,0,0,0,0,0,0
"AT5G58320",0,0,3,0,0,0,0,0,0
"AT5G58670",0,0,-3,0,0,0,0,0,0
"AT5G58720",0,0,3,0,0,0,0,0,0
"AT5G58980",0,0,3,0,0,0,0,0,0
"AT5G59070",0,0,-3,0,0,0,0,0,0
"AT5G60820",0,0,-3,0,0,0,0,0,0
"AT5G61210",0,0,3,0,0,0,0,0,0
"AT5G61510",0,0,3,0,0,0,0,0,0
"AT5G61560",0,0,3,0,0,0,0,0,0
"AT5G62560",0,0,-3,0,0,0,0,0,0
"AT5G63030",0,0,-3,0,0,0,3,0,0
"AT5G63490",0,0,-3,0,0,0,0,0,0
"AT5G63640",0,0,3,0,0,0,0,0,0
"AT5G63905",0,0,3,0,0,0,0,0,0
"AT5G64410",0,0,-3,0,0,0,0,0,0
"AT5G65630",0,0,3,0,0,0,0,0,0
"AT5G66080",0,0,3,0,0,0,0,0,0
"AT5G66130",0,0,-3,0,0,0,0,0,0
"AT5G66730",0,0,3,0,0,0,0,0,0
"AT5G67250",0,0,-3,0,0,0,0,0,0
"AT5G67560",0,0,-3,0,0,0,0,0,0
"AT1G76130",0,0,0,-3,0,0,-3,0,0
"AT5G02230",0,0,0,3,-3,0,-3,0,0
"AT1G08650",0,0,0,0,-3,0,0,0,0
"AT1G51660",0,0,0,0,-3,0,0,0,0
"AT1G65960",0,0,0,0,3,0,0,0,0
"AT1G75280",0,0,0,0,3,0,0,0,0
"AT2G01680",0,0,0,0,3,0,0,0,0
"AT3G01560",0,0,0,0,-3,0,0,0,0
"AT3G04110",0,0,0,0,-3,0,0,0,0
"AT3G14270",0,0,0,0,3,0,0,0,0
"AT3G22370",0,0,0,0,-3,0,0,0,0
"AT3G47780",0,0,0,0,-3,0,0,0,0
"AT4G05050",0,0,0,0,3,0,0,0,0
"AT4G24400",0,0,0,0,-3,0,0,0,0
"AT4G32020",0,0,0,0,-3,0,0,0,0
"AT5G10180",0,0,0,0,3,0,-3,0,0
"AT5G49580",0,0,0,0,-3,0,0,0,0
"AT1G04770",0,0,0,0,0,-3,0,0,0
"AT1G51090",0,0,0,0,0,-3,0,0,0
"AT1G62180",0,0,0,0,0,-3,0,0,0
"AT1G70800",0,0,0,0,0,-3,0,0,0
"AT1G71360",0,0,0,0,0,3,0,0,0
"AT1G78100",0,0,0,0,0,-3,0,0,0
"AT1G80830",0,0,0,0,0,-3,0,0,0
"AT2G05518",0,0,0,0,0,-3,0,0,0
"AT2G20560",0,0,0,0,0,-3,0,0,0
"AT2G37460",0,0,0,0,0,-3,0,0,0
"AT3G03520",0,0,0,0,0,-3,0,0,0
"AT3G05165",0,0,0,0,0,-3,0,0,0
"AT3G08860",0,0,0,0,0,-3,0,0,0
"AT3G19550",0,0,0,0,0,-3,0,0,0
"AT3G44860",0,0,0,0,0,-3,0,0,0
"AT3G53000",0,0,0,0,0,-3,0,0,0
"AT4G04610",0,0,0,0,0,-3,0,0,0
"AT4G04830",0,0,0,0,0,-3,0,0,0
"AT4G14680",0,0,0,0,0,-3,0,0,0
"AT4G15530",0,0,0,0,0,-3,0,0,0
"AT4G33890",0,0,0,0,0,-3,0,0,0
"AT4G36648",0,0,0,0,0,-3,0,0,0
"AT5G03495",0,0,0,0,0,-3,-3,0,0
"AT5G07680",0,0,0,0,0,-3,0,0,0
"AT5G20150",0,0,0,0,0,-3,0,0,0
"AT5G23020",0,0,0,0,0,-3,0,0,0
"AT5G38710",0,0,0,0,0,-3,0,0,0
"AT5G44050",0,0,0,0,0,-3,0,0,0
"AT1G48300",0,0,0,0,0,0,-3,0,0
"AT1G49950",0,0,0,0,0,0,-3,0,0
"AT1G53160",0,0,0,0,0,0,-3,0,0
"AT1G72800",0,0,0,0,0,0,-3,0,0
"AT2G20500",0,0,0,0,0,0,-3,0,0
"AT3G24030",0,0,0,0,0,0,-3,0,0
"AT3G62540",0,0,0,0,0,0,-3,0,0
"AT4G00780",0,0,0,0,0,0,3,0,0
"AT4G01600",0,0,0,0,0,0,-3,0,0
"AT4G05110",0,0,0,0,0,0,-3,0,0
"AT4G27960",0,0,0,0,0,0,-3,0,0
"AT5G01750",0,0,0,0,0,0,3,0,0
"AT5G17650",0,0,0,0,0,0,-3,0,0
"AT5G37600",0,0,0,0,0,0,3,0,0
"AT5G40370",0,0,0,0,0,0,-3,0,0
"AT5G42980",0,0,0,0,0,0,3,0,0
"AT5G45350",0,0,0,0,0,0,-3,0,0
"AT5G52120",0,0,0,0,0,0,-3,0,0
"AT5G59890",0,0,0,0,0,0,-3,0,0
